0.0456312,0.0463442,0.176008,-0.146735,-0.0329569,0.123604,0.0461171,0.0734444,1
0.0456312,0.0463442,0.176008,0.146735,0.0329569,-0.123604,-0.0461171,-0.0734444,0
0.0456312,0.0463442,0.176008,-0.300828,-0.337412,0.514494,0.018363,0.0264465,1
0.0456312,0.0463442,0.176008,0.300828,0.337412,-0.514494,-0.018363,-0.0264465,0
0.0456312,0.0463442,0.176008,-0.095074,-0.100817,0.130126,-0.0313665,0.00390617,1
0.0456312,0.0463442,0.176008,0.095074,0.100817,-0.130126,0.0313665,-0.00390617,0
0.0456312,0.0463442,0.176008,-0.0936924,-0.0673729,0.070553,-0.0736576,-0.00638921,1
0.0456312,0.0463442,0.176008,0.0936924,0.0673729,-0.070553,0.0736576,0.00638921,0
0.0456312,0.0463442,0.176008,-0.189157,-0.171407,0.214019,-0.078152,0.000809606,1
0.0456312,0.0463442,0.176008,0.189157,0.171407,-0.214019,0.078152,-0.000809606,0
0.0456312,0.0463442,0.176008,-0.286902,-0.373039,0.448235,-0.103403,0.051509,1
0.0456312,0.0463442,0.176008,0.286902,0.373039,-0.448235,0.103403,-0.051509,0
0.0456312,0.0463442,0.176008,-0.285438,-0.260454,0.114412,0.066364,0.0567347,1
0.0456312,0.0463442,0.176008,0.285438,0.260454,-0.114412,-0.066364,-0.0567347,0
0.0456312,0.0463442,0.176008,-0.260354,-0.0575543,-0.0121044,-0.0857223,0.0661316,1
0.0456312,0.0463442,0.176008,0.260354,0.0575543,0.0121044,0.0857223,-0.0661316,0
0.0456312,0.0463442,0.176008,-0.31163,-0.34741,0.406173,-0.0834087,-0.0316659,1
0.0456312,0.0463442,0.176008,0.31163,0.34741,-0.406173,0.0834087,0.0316659,0
0.0456312,0.0463442,0.176008,-0.27779,-0.421678,0.33102,-0.0252123,0.0191533,1
0.0456312,0.0463442,0.176008,0.27779,0.421678,-0.33102,0.0252123,-0.0191533,0
0.0456312,0.0463442,0.176008,-0.234006,-0.448212,0.188725,0.0159611,0.046485,1
0.0456312,0.0463442,0.176008,0.234006,0.448212,-0.188725,-0.0159611,-0.046485,0
0.0456312,0.0463442,0.176008,-0.174452,-0.21035,-0.178289,0.0530954,0.0769746,1
0.0456312,0.0463442,0.176008,0.174452,0.21035,0.178289,-0.0530954,-0.0769746,0
0.0456312,0.0463442,0.176008,-0.118203,-0.28427,-0.179717,0.0806539,0.0619638,1
0.0456312,0.0463442,0.176008,0.118203,0.28427,0.179717,-0.0806539,-0.0619638,0
0.0456312,0.0463442,0.176008,-0.24621,-0.250918,-0.0248985,-0.0547573,0.0637758,1
0.0456312,0.0463442,0.176008,0.24621,0.250918,0.0248985,0.0547573,-0.0637758,0
0.0456312,0.0463442,0.176008,-0.231095,-0.365147,-0.0800249,0.111019,0.0519299,1
0.0456312,0.0463442,0.176008,0.231095,0.365147,0.0800249,-0.111019,-0.0519299,0
0.0456312,0.0463442,0.176008,-0.232389,-0.405358,0.118251,-0.0886377,0.0297105,1
0.0456312,0.0463442,0.176008,0.232389,0.405358,-0.118251,0.0886377,-0.0297105,0
0.0456312,0.0463442,0.176008,-0.58227,-0.422932,0.301709,0.109374,0.0087492,1
0.0456312,0.0463442,0.176008,0.58227,0.422932,-0.301709,-0.109374,-0.0087492,0
0.0456312,0.0463442,0.176008,-0.276522,-0.25809,-0.0453337,-0.100567,0.0749906,1
0.0456312,0.0463442,0.176008,0.276522,0.25809,0.0453337,0.100567,-0.0749906,0
0.0456312,0.0463442,0.176008,-0.257704,-0.0478812,-0.293011,-0.0760055,0.0635103,1
0.0456312,0.0463442,0.176008,0.257704,0.0478812,0.293011,0.0760055,-0.0635103,0
0.0456312,0.0463442,0.176008,-0.487678,-0.387742,0.0336576,0.167982,-0.000989763,1
0.0456312,0.0463442,0.176008,0.487678,0.387742,-0.0336576,-0.167982,0.000989763,0
0.0456312,0.0463442,0.176008,-0.349659,-0.23162,-0.12633,-0.0933925,0.0771612,1
0.0456312,0.0463442,0.176008,0.349659,0.23162,0.12633,0.0933925,-0.0771612,0
0.0456312,0.0463442,0.176008,-0.625364,-0.128393,0.171518,-0.171402,0.0274662,1
0.0456312,0.0463442,0.176008,0.625364,0.128393,-0.171518,0.171402,-0.0274662,0
0.0456312,0.0463442,0.176008,-0.547346,-0.445652,0.315124,-0.0972397,0.0482456,1
0.0456312,0.0463442,0.176008,0.547346,0.445652,-0.315124,0.0972397,-0.0482456,0
0.0456312,0.0463442,0.176008,-0.224691,-0.395583,-0.0803391,-0.0871707,0.0417123,1
0.0456312,0.0463442,0.176008,0.224691,0.395583,0.0803391,0.0871707,-0.0417123,0
0.0456312,0.0463442,0.176008,-0.294038,-0.210135,-0.341832,-0.0949755,0.0623558,1
0.0456312,0.0463442,0.176008,0.294038,0.210135,0.341832,0.0949755,-0.0623558,0
0.0456312,0.0463442,0.176008,-0.604682,-0.308853,0.0408998,-0.146054,0.0558323,1
0.0456312,0.0463442,0.176008,0.604682,0.308853,-0.0408998,0.146054,-0.0558323,0
0.0456312,0.0463442,0.176008,-0.598538,-0.451274,0.0256274,-0.0812282,0.0416236,1
0.0456312,0.0463442,0.176008,0.598538,0.451274,-0.0256274,0.0812282,-0.0416236,0
0.0456312,0.0463442,0.176008,-0.138351,-0.957227,0.150632,-0.0951392,-0.0331764,1
0.0456312,0.0463442,0.176008,0.138351,0.957227,-0.150632,0.0951392,0.0331764,0
0.0456312,0.0463442,0.176008,-0.533723,-0.387133,-0.0850392,-0.168838,-0.00319442,1
0.0456312,0.0463442,0.176008,0.533723,0.387133,0.0850392,0.168838,0.00319442,0
0.0456312,0.0463442,0.176008,-0.682334,-0.589092,0.130226,-0.133521,0.0365658,1
0.0456312,0.0463442,0.176008,0.682334,0.589092,-0.130226,0.133521,-0.0365658,0
0.0456312,0.0463442,0.176008,-0.544238,-0.371807,-0.0884841,-0.241035,-0.0218616,1
0.0456312,0.0463442,0.176008,0.544238,0.371807,0.0884841,0.241035,0.0218616,0
0.0456312,0.0463442,0.176008,0.0267334,-0.957227,-0.0498749,-0.0376792,-0.279709,1
0.0456312,0.0463442,0.176008,-0.0267334,0.957227,0.0498749,0.0376792,0.279709,0
0.0456312,0.0463442,0.176008,0.0077145,-0.957227,0.127884,-0.154091,-0.371933,1
0.0456312,0.0463442,0.176008,-0.0077145,0.957227,-0.127884,0.154091,0.371933,0
0.0456312,0.0463442,0.176008,-0.0367238,-0.957227,0.306621,-0.225125,-0.462177,1
0.0456312,0.0463442,0.176008,0.0367238,0.957227,-0.306621,0.225125,0.462177,0
0.0456312,0.0463442,0.176008,0.0041846,-0.957227,-0.0407146,-0.140382,-0.360853,1
0.0456312,0.0463442,0.176008,-0.0041846,0.957227,0.0407146,0.140382,0.360853,0
0.0456312,0.0463442,0.176008,-0.0220334,-0.957227,-0.00906222,-0.181324,-0.418749,1
0.0456312,0.0463442,0.176008,0.0220334,0.957227,0.00906222,0.181324,0.418749,0
0.0456312,0.0463442,0.176008,-0.490318,-0.957227,-0.110674,-0.176583,-0.190411,1
0.0456312,0.0463442,0.176008,0.490318,0.957227,0.110674,0.176583,0.190411,0
0.0463053,0.0470294,0.175521,0.0564498,0.0470007,-0.216038,0.0742372,0.0467552,1
0.0463053,0.0470294,0.175521,-0.0564498,-0.0470007,0.216038,-0.0742372,-0.0467552,0
0.0463053,0.0470294,0.175521,0.00816342,-0.00846669,-0.049558,0.0190331,0.00908721,1
0.0463053,0.0470294,0.175521,-0.00816342,0.00846669,0.049558,-0.0190331,-0.00908721,0
0.0463053,0.0470294,0.175521,0.0247672,-0.028607,-0.0850638,0.013038,0.0318393,1
0.0463053,0.0470294,0.175521,-0.0247672,0.028607,0.0850638,-0.013038,-0.0318393,0
0.0463053,0.0470294,0.175521,0.0193189,0.00392653,-0.164455,-0.00960932,0.0316572,1
0.0463053,0.0470294,0.175521,-0.0193189,-0.00392653,0.164455,0.00960932,-0.0316572,0
0.0463053,0.0470294,0.175521,0.0896544,0.0478091,-0.365356,0.0122043,0.0165629,1
0.0463053,0.0470294,0.175521,-0.0896544,-0.0478091,0.365356,-0.0122043,-0.0165629,0
0.0463053,0.0470294,0.175521,-0.0650966,0.0384681,-0.189203,-0.0405809,0.0383293,1
0.0463053,0.0470294,0.175521,0.0650966,-0.0384681,0.189203,0.0405809,-0.0383293,0
0.0463053,0.0470294,0.175521,0.00109471,-0.163639,-0.105955,0.0387501,0.00797264,1
0.0463053,0.0470294,0.175521,-0.00109471,0.163639,0.105955,-0.0387501,-0.00797264,0
0.0463053,0.0470294,0.175521,-0.0167342,0.0223934,-0.310345,-0.0327228,0.0391614,1
0.0463053,0.0470294,0.175521,0.0167342,-0.0223934,0.310345,0.0327228,-0.0391614,0
0.0463053,0.0470294,0.175521,-0.0494969,-0.0922797,-0.152612,-0.0388267,0.0310118,1
0.0463053,0.0470294,0.175521,0.0494969,0.0922797,0.152612,0.0388267,-0.0310118,0
0.0463053,0.0470294,0.175521,-0.0689373,-0.102822,-0.169724,-0.0211413,0.0321112,1
0.0463053,0.0470294,0.175521,0.0689373,0.102822,0.169724,0.0211413,-0.0321112,0
0.0463053,0.0470294,0.175521,-0.167249,-0.22702,0.0554738,-0.0517201,-0.0237905,1
0.0463053,0.0470294,0.175521,0.167249,0.22702,-0.0554738,0.0517201,0.0237905,0
0.0463053,0.0470294,0.175521,-0.22956,-0.293242,0.153327,-0.0645819,-0.0155774,1
0.0463053,0.0470294,0.175521,0.22956,0.293242,-0.153327,0.0645819,0.0155774,0
0.0463053,0.0470294,0.175521,-0.0723101,-0.0309814,-0.390296,-0.0218429,0.00861212,1
0.0463053,0.0470294,0.175521,0.0723101,0.0309814,0.390296,0.0218429,-0.00861212,0
0.0463053,0.0470294,0.175521,-0.187942,-0.330574,0.0399832,-0.0225221,-0.00940732,1
0.0463053,0.0470294,0.175521,0.187942,0.330574,-0.0399832,0.0225221,0.00940732,0
0.0463053,0.0470294,0.175521,0.0150689,-0.535826,-0.186458,0.159447,0.0279372,1
0.0463053,0.0470294,0.175521,-0.0150689,0.535826,0.186458,-0.159447,-0.0279372,0
0.0463053,0.0470294,0.175521,-0.136222,-0.122113,-0.385234,0.0202357,0.0368818,1
0.0463053,0.0470294,0.175521,0.136222,0.122113,0.385234,-0.0202357,-0.0368818,0
0.0463053,0.0470294,0.175521,-0.14111,-0.115777,-0.363145,-0.0493363,0.0327568,1
0.0463053,0.0470294,0.175521,0.14111,0.115777,0.363145,0.0493363,-0.0327568,0
0.0463053,0.0470294,0.175521,-0.271313,-0.487979,0.0768433,-0.00110883,0.00166446,1
0.0463053,0.0470294,0.175521,0.271313,0.487979,-0.0768433,0.00110883,-0.00166446,0
0.0463053,0.0470294,0.175521,-0.144039,-0.0330843,-0.521103,-0.0307127,0.0398104,1
0.0463053,0.0470294,0.175521,0.144039,0.0330843,0.521103,0.0307127,-0.0398104,0
0.0463053,0.0470294,0.175521,-0.0967911,-0.381312,-0.306297,0.0528166,0.0301539,1
0.0463053,0.0470294,0.175521,0.0967911,0.381312,0.306297,-0.0528166,-0.0301539,0
0.0463053,0.0470294,0.175521,-0.154696,-0.277456,-0.289651,-0.0381882,-0.00757394,1
0.0463053,0.0470294,0.175521,0.154696,0.277456,0.289651,0.0381882,0.00757394,0
0.0463053,0.0470294,0.175521,-0.117023,-0.348429,-0.294399,-0.0827211,0.0151522,1
0.0463053,0.0470294,0.175521,0.117023,0.348429,0.294399,0.0827211,-0.0151522,0
0.0463053,0.0470294,0.175521,-0.266377,-0.0868184,-0.533201,-0.0158466,0.0344753,1
0.0463053,0.0470294,0.175521,0.266377,0.0868184,0.533201,0.0158466,-0.0344753,0
0.0463053,0.0470294,0.175521,-0.22472,-0.544574,-0.219108,0.0701302,0.0392642,1
0.0463053,0.0470294,0.175521,0.22472,0.544574,0.219108,-0.0701302,-0.0392642,0
0.0463053,0.0470294,0.175521,-0.264234,-0.291186,-0.320621,0.00335354,-0.00849534,1
0.0463053,0.0470294,0.175521,0.264234,0.291186,0.320621,-0.00335354,0.00849534,0
0.0463053,0.0470294,0.175521,-0.205892,-0.165607,-0.63813,-0.0373675,0.0363065,1
0.0463053,0.0470294,0.175521,0.205892,0.165607,0.63813,0.0373675,-0.0363065,0
0.0463053,0.0470294,0.175521,-0.187629,-0.474587,-0.298912,-0.0837215,0.0102808,1
0.0463053,0.0470294,0.175521,0.187629,0.474587,0.298912,0.0837215,-0.0102808,0
0.0463053,0.0470294,0.175521,-0.265156,-0.55257,-0.273502,-0.109898,0.0374241,1
0.0463053,0.0470294,0.175521,0.265156,0.55257,0.273502,0.109898,-0.0374241,0
0.0463053,0.0470294,0.175521,-0.360891,-0.401512,-0.388967,-0.0694958,-0.00305497,1
0.0463053,0.0470294,0.175521,0.360891,0.401512,0.388967,0.0694958,0.00305497,0
0.0463053,0.0470294,0.175521,-0.324627,-0.527281,-0.372102,-0.0567796,0.00597249,1
0.0463053,0.0470294,0.175521,0.324627,0.527281,0.372102,0.0567796,-0.00597249,0
0.0463053,0.0470294,0.175521,-0.290296,-0.923376,0.0452994,-0.0288741,-0.1006,1
0.0463053,0.0470294,0.175521,0.290296,0.923376,-0.0452994,0.0288741,0.1006,0
0.0463053,0.0470294,0.175521,-0.320823,-0.371577,-0.577743,-0.0800906,0.00484549,1
0.0463053,0.0470294,0.175521,0.320823,0.371577,0.577743,0.0800906,-0.00484549,0
0.0463053,0.0470294,0.175521,-0.525167,-0.426935,-0.375027,-0.0710577,0.0407048,1
0.0463053,0.0470294,0.175521,0.525167,0.426935,0.375027,0.0710577,-0.0407048,0
0.0463053,0.0470294,0.175521,0.0674357,-0.923376,-0.259343,0.00300348,-0.270716,1
0.0463053,0.0470294,0.175521,-0.0674357,0.923376,0.259343,-0.00300348,0.270716,0
0.0463053,0.0470294,0.175521,0.085897,-0.923376,-0.295195,-0.00797174,-0.289187,1
0.0463053,0.0470294,0.175521,-0.085897,0.923376,0.295195,0.00797174,0.289187,0
0.0463053,0.0470294,0.175521,0.0711171,-0.923376,-0.207452,-0.0587382,-0.32423,1
0.0463053,0.0470294,0.175521,-0.0711171,0.923376,0.207452,0.0587382,0.32423,0
0.0463053,0.0470294,0.175521,-0.109986,-0.923376,-0.312449,-0.0310676,-0.0733522,1
0.0463053,0.0470294,0.175521,0.109986,0.923376,0.312449,0.0310676,0.0733522,0
0.0463053,0.0470294,0.175521,-0.528913,-0.479511,-0.429605,-0.0463723,-0.0119194,1
0.0463053,0.0470294,0.175521,0.528913,0.479511,0.429605,0.0463723,0.0119194,0
0.0463053,0.0470294,0.175521,-0.39266,-0.58064,-0.511205,-0.120069,0.0326163,1
0.0463053,0.0470294,0.175521,0.39266,0.58064,0.511205,0.120069,-0.0326163,0
0.0463053,0.0470294,0.175521,-0.554782,-0.527259,-0.420043,-0.0778029,0.0024485,1
0.0463053,0.0470294,0.175521,0.554782,0.527259,0.420043,0.0778029,-0.0024485,0
0.0463053,0.0470294,0.175521,0.0443198,-0.923376,-0.276141,-0.0728994,-0.363152,1
0.0463053,0.0470294,0.175521,-0.0443198,0.923376,0.276141,0.0728994,0.363152,0
0.0463053,0.0470294,0.175521,0.0719143,-0.923376,-0.319801,-0.0928702,-0.383399,1
0.0463053,0.0470294,0.175521,-0.0719143,0.923376,0.319801,0.0928702,0.383399,0
0.0463053,0.0470294,0.175521,0.0557642,-0.923376,-0.19133,-0.164619,-0.457659,1
0.0463053,0.0470294,0.175521,-0.0557642,0.923376,0.19133,0.164619,0.457659,0
0.0463053,0.0470294,0.175521,-0.452345,-0.923376,-0.499034,-0.0860305,-0.0831398,1
0.0463053,0.0470294,0.175521,0.452345,0.923376,0.499034,0.0860305,0.0831398,0
0.0463053,0.0470294,0.175521,-0.386343,-0.923376,-0.181448,-0.405903,-0.454289,1
0.0463053,0.0470294,0.175521,0.386343,0.923376,0.181448,0.405903,0.454289,0
0.0463053,0.0470294,0.175521,-0.374505,-0.923376,-0.261683,-0.402749,-0.405967,1
0.0463053,0.0470294,0.175521,0.374505,0.923376,0.261683,0.402749,0.405967,0
0.0463053,0.0470294,0.175521,-0.394793,-0.923376,-0.488226,-0.462628,-0.361198,1
0.0463053,0.0470294,0.175521,0.394793,0.923376,0.488226,0.462628,0.361198,0
0.0463053,0.0470294,0.175521,-0.488476,-0.923376,-0.308271,-0.562212,-0.40794,1
0.0463053,0.0470294,0.175521,0.488476,0.923376,0.308271,0.562212,0.40794,0
0.0463053,0.0470294,0.175521,-0.348015,-0.923376,-0.560622,-0.463883,-0.443789,1
0.0463053,0.0470294,0.175521,0.348015,0.923376,0.560622,0.463883,0.443789,0
0.0463053,0.0470294,0.175521,-0.374717,-0.923376,-0.483974,-0.521609,-0.442911,1
0.0463053,0.0470294,0.175521,0.374717,0.923376,0.483974,0.521609,0.442911,0
0.04628,0.0476047,0.172359,0.117758,0.0567696,0.184761,-0.0769983,-0.0181026,1
0.04628,0.0476047,0.172359,-0.117758,-0.0567696,-0.184761,0.0769983,0.0181026,0
0.04628,0.0476047,0.172359,-0.03472,-0.142477,0.495261,-0.0489579,-0.0405457,1
0.04628,0.0476047,0.172359,0.03472,0.142477,-0.495261,0.0489579,0.0405457,0
0.04628,0.0476047,0.172359,-0.0593982,-0.089692,0.379713,0.00158991,-0.0406472,1
0.04628,0.0476047,0.172359,0.0593982,0.089692,-0.379713,-0.00158991,0.0406472,0
0.04628,0.0476047,0.172359,-0.0697099,-0.117067,0.387448,0.00529485,-0.0144699,1
0.04628,0.0476047,0.172359,0.0697099,0.117067,-0.387448,-0.00529485,0.0144699,0
0.04628,0.0476047,0.172359,-0.0908437,-0.219925,0.631144,-0.120995,-0.0254618,1
0.04628,0.0476047,0.172359,0.0908437,0.219925,-0.631144,0.120995,0.0254618,0
0.04628,0.0476047,0.172359,0.0329349,0.0442549,0.151524,-0.111639,0.0135576,1
0.04628,0.0476047,0.172359,-0.0329349,-0.0442549,-0.151524,0.111639,-0.0135576,0
0.04628,0.0476047,0.172359,0.113195,0.0724979,0.000273021,-0.0507539,-0.0206982,1
0.04628,0.0476047,0.172359,-0.113195,-0.0724979,-0.000273021,0.0507539,0.0206982,0
0.04628,0.0476047,0.172359,-0.0275918,-0.132019,0.38212,-0.0747719,-0.0595899,1
0.04628,0.0476047,0.172359,0.0275918,0.132019,-0.38212,0.0747719,0.0595899,0
0.04628,0.0476047,0.172359,0.0218262,-0.0190027,0.0983795,-0.0653381,-0.0127084,1
0.04628,0.0476047,0.172359,-0.0218262,0.0190027,-0.0983795,0.0653381,0.0127084,0
0.04628,0.0476047,0.172359,0.0464737,-0.00686664,-0.01142,-0.0958105,-0.00920839,1
0.04628,0.0476047,0.172359,-0.0464737,0.00686664,0.01142,0.0958105,0.00920839,0
0.04628,0.0476047,0.172359,0.0263359,-0.00340588,-0.127192,0.0163124,0.00824146,1
0.04628,0.0476047,0.172359,-0.0263359,0.00340588,0.127192,-0.0163124,-0.00824146,0
0.04628,0.0476047,0.172359,-0.120975,-0.181537,0.374798,-0.143045,-0.0226434,1
0.04628,0.0476047,0.172359,0.120975,0.181537,-0.374798,0.143045,0.0226434,0
0.04628,0.0476047,0.172359,0.0795358,0.0260896,-0.109417,-0.118825,-0.00891847,1
0.04628,0.0476047,0.172359,-0.0795358,-0.0260896,0.109417,0.118825,0.00891847,0
0.04628,0.0476047,0.172359,-0.0217508,0.0328474,-0.181527,0.0167527,0.00875477,1
0.04628,0.0476047,0.172359,0.0217508,-0.0328474,0.181527,-0.0167527,-0.00875477,0
0.04628,0.0476047,0.172359,0.0517813,-0.365923,0.0936772,0.0654334,-0.00396493,1
0.04628,0.0476047,0.172359,-0.0517813,0.365923,-0.0936772,-0.0654334,0.00396493,0
0.04628,0.0476047,0.172359,0.025739,-0.27239,0.0605126,0.0203185,0.000399219,1
0.04628,0.0476047,0.172359,-0.025739,0.27239,-0.0605126,-0.0203185,-0.000399219,0
0.04628,0.0476047,0.172359,-0.0235014,-0.0773249,0.0527024,-0.11248,-0.0205265,1
0.04628,0.0476047,0.172359,0.0235014,0.0773249,-0.0527024,0.11248,0.0205265,0
0.04628,0.0476047,0.172359,0.0628375,-0.135341,0.0301816,-0.130728,-0.0289793,1
0.04628,0.0476047,0.172359,-0.0628375,0.135341,-0.0301816,0.130728,0.0289793,0
0.04628,0.0476047,0.172359,-0.0933964,0.036083,-0.0484909,-0.133089,0.0214908,1
0.04628,0.0476047,0.172359,0.0933964,-0.036083,0.0484909,0.133089,-0.0214908,0
0.04628,0.0476047,0.172359,-0.0736321,-0.0912872,0.0607304,-0.120944,0.00662897,1
0.04628,0.0476047,0.172359,0.0736321,0.0912872,-0.0607304,0.120944,-0.00662897,0
0.04628,0.0476047,0.172359,-0.0600794,-0.424735,0.221544,-0.00333253,0.0158084,1
0.04628,0.0476047,0.172359,0.0600794,0.424735,-0.221544,0.00333253,-0.0158084,0
0.04628,0.0476047,0.172359,-0.00375793,-0.446265,0.0817234,0.0479773,0.00810388,1
0.04628,0.0476047,0.172359,0.00375793,0.446265,-0.0817234,-0.0479773,-0.00810388,0
0.04628,0.0476047,0.172359,-0.0437958,-0.298455,0.129875,-0.0748752,-0.0404703,1
0.04628,0.0476047,0.172359,0.0437958,0.298455,-0.129875,0.0748752,0.0404703,0
0.04628,0.0476047,0.172359,-0.0925994,-0.221228,0.0434896,-0.0575063,-0.0504962,1
0.04628,0.0476047,0.172359,0.0925994,0.221228,-0.0434896,0.0575063,0.0504962,0
0.04628,0.0476047,0.172359,-0.0772591,-0.209422,0.0590964,-0.132969,-0.0329126,1
0.04628,0.0476047,0.172359,0.0772591,0.209422,-0.0590964,0.132969,0.0329126,0
0.04628,0.0476047,0.172359,-0.462001,-0.272718,0.383186,-0.0620159,-0.0483183,1
0.04628,0.0476047,0.172359,0.462001,0.272718,-0.383186,0.0620159,0.0483183,0
0.04628,0.0476047,0.172359,-0.0805683,-0.233329,0.0197103,-0.13913,-0.038816,1
0.04628,0.0476047,0.172359,0.0805683,0.233329,-0.0197103,0.13913,0.038816,0
0.04628,0.0476047,0.172359,-0.162511,-0.281379,0.0915506,-0.142785,-0.0516151,1
0.04628,0.0476047,0.172359,0.162511,0.281379,-0.0915506,0.142785,0.0516151,0
0.04628,0.0476047,0.172359,-0.49224,-0.500221,0.590881,-0.147508,-0.016845,1
0.04628,0.0476047,0.172359,0.49224,0.500221,-0.590881,0.147508,0.016845,0
0.04628,0.0476047,0.172359,-0.320816,-0.175463,0.0636794,-0.215699,-0.0248135,1
0.04628,0.0476047,0.172359,0.320816,0.175463,-0.0636794,0.215699,0.0248135,0
0.04628,0.0476047,0.172359,-0.42058,-0.478185,0.332672,-0.147285,0.00299533,1
0.04628,0.0476047,0.172359,0.42058,0.478185,-0.332672,0.147285,-0.00299533,0
0.04628,0.0476047,0.172359,-0.286512,-0.304082,-0.0139879,-0.233436,-0.0570704,1
0.04628,0.0476047,0.172359,0.286512,0.304082,0.0139879,0.233436,0.0570704,0
0.04628,0.0476047,0.172359,0.205167,-0.823194,0.071191,-0.0740831,-0.363105,1
0.04628,0.0476047,0.172359,-0.205167,0.823194,-0.071191,0.0740831,0.363105,0
0.04628,0.0476047,0.172359,0.200549,-0.823194,0.277263,-0.230864,-0.470949,1
0.04628,0.0476047,0.172359,-0.200549,0.823194,-0.277263,0.230864,0.470949,0
0.04628,0.0476047,0.172359,0.216458,-0.823194,0.132243,-0.261159,-0.511467,1
0.04628,0.0476047,0.172359,-0.216458,0.823194,-0.132243,0.261159,0.511467,0
0.04628,0.0476047,0.172359,0.200267,-0.823194,0.0671914,-0.253417,-0.505046,1
0.04628,0.0476047,0.172359,-0.200267,0.823194,-0.0671914,0.253417,0.505046,0
0.04628,0.0476047,0.172359,-0.269941,-0.823194,-0.00106262,-0.247296,-0.38224,1
0.04628,0.0476047,0.172359,0.269941,0.823194,0.00106262,0.247296,0.38224,0
0.04628,0.0476047,0.172359,-0.271637,-0.823194,0.323507,-0.511658,-0.494744,1
0.04628,0.0476047,0.172359,0.271637,0.823194,-0.323507,0.511658,0.494744,0
0.04628,0.0476047,0.172359,-0.313638,-0.823194,-0.0689873,-0.54126,-0.466658,1
0.04628,0.0476047,0.172359,0.313638,0.823194,0.0689873,0.54126,0.466658,0
0.04628,0.0476047,0.172359,-0.263749,-0.823194,-0.0194865,-0.569276,-0.577673,1
0.04628,0.0476047,0.172359,0.263749,0.823194,0.0194865,0.569276,0.577673,0
0.0470396,0.04693,0.176186,0.0328387,0.00922353,0.0440151,0.0426688,-0.0234276,1
0.0470396,0.04693,0.176186,-0.0328387,-0.00922353,-0.0440151,-0.0426688,0.0234276,0
0.0470396,0.04693,0.176186,-0.202299,-0.175855,0.534926,-0.00680415,-0.055291,1
0.0470396,0.04693,0.176186,0.202299,0.175855,-0.534926,0.00680415,0.055291,0
0.0470396,0.04693,0.176186,-0.181882,-0.194602,0.474179,-0.0333845,-0.0360756,1
0.0470396,0.04693,0.176186,0.181882,0.194602,-0.474179,0.0333845,0.0360756,0
0.0470396,0.04693,0.176186,-0.148272,-0.163334,0.38416,-0.0119661,-0.0560064,1
0.0470396,0.04693,0.176186,0.148272,0.163334,-0.38416,0.0119661,0.0560064,0
0.0470396,0.04693,0.176186,-0.133908,-0.171752,0.332058,0.0135501,-0.0587957,1
0.0470396,0.04693,0.176186,0.133908,0.171752,-0.332058,-0.0135501,0.0587957,0
0.0470396,0.04693,0.176186,-0.215364,-0.0372007,0.211251,-0.0200701,0.0105846,1
0.0470396,0.04693,0.176186,0.215364,0.0372007,-0.211251,0.0200701,-0.0105846,0
0.0470396,0.04693,0.176186,-0.133108,-0.134747,0.307195,-0.0529948,-0.0543788,1
0.0470396,0.04693,0.176186,0.133108,0.134747,-0.307195,0.0529948,0.0543788,0
0.0470396,0.04693,0.176186,-0.172781,-0.00553073,0.0650313,-0.0198236,0.00926564,1
0.0470396,0.04693,0.176186,0.172781,0.00553073,-0.0650313,0.0198236,-0.00926564,0
0.0470396,0.04693,0.176186,-0.102635,-0.250733,0.211116,-0.0210247,-0.0411809,1
0.0470396,0.04693,0.176186,0.102635,0.250733,-0.211116,0.0210247,0.0411809,0
0.0470396,0.04693,0.176186,-0.176813,-0.277346,0.22077,0.042532,-0.0485581,1
0.0470396,0.04693,0.176186,0.176813,0.277346,-0.22077,-0.042532,0.0485581,0
0.0470396,0.04693,0.176186,-0.212705,-0.141508,0.00671836,-0.0189757,0.0109318,1
0.0470396,0.04693,0.176186,0.212705,0.141508,-0.00671836,0.0189757,-0.0109318,0
0.0470396,0.04693,0.176186,-0.165882,-0.204772,0.080373,0.0135973,-0.0812285,1
0.0470396,0.04693,0.176186,0.165882,0.204772,-0.080373,-0.0135973,0.0812285,0
0.0470396,0.04693,0.176186,-0.158037,-0.46993,0.184783,0.0603398,-0.00214054,1
0.0470396,0.04693,0.176186,0.158037,0.46993,-0.184783,-0.0603398,0.00214054,0
0.0470396,0.04693,0.176186,-0.201274,-0.217656,0.0309849,-0.029736,0.00137973,1
0.0470396,0.04693,0.176186,0.201274,0.217656,-0.0309849,0.029736,-0.00137973,0
0.0470396,0.04693,0.176186,-0.207339,-0.26462,0.0700774,0.0171594,-0.0636226,1
0.0470396,0.04693,0.176186,0.207339,0.26462,-0.0700774,-0.0171594,0.0636226,0
0.0470396,0.04693,0.176186,-0.178222,-0.301505,0.0778352,-0.00774094,-0.0877352,1
0.0470396,0.04693,0.176186,0.178222,0.301505,-0.0778352,0.00774094,0.0877352,0
0.0470396,0.04693,0.176186,-0.168283,-0.119826,-0.205015,-0.0712582,0.00132952,1
0.0470396,0.04693,0.176186,0.168283,0.119826,0.205015,0.0712582,-0.00132952,0
0.0470396,0.04693,0.176186,-0.138352,-0.647032,-0.126904,0.195832,-0.0388651,1
0.0470396,0.04693,0.176186,0.138352,0.647032,0.126904,-0.195832,0.0388651,0
0.0470396,0.04693,0.176186,-0.631658,-0.286959,0.263964,-0.105127,-0.013861,1
0.0470396,0.04693,0.176186,0.631658,0.286959,-0.263964,0.105127,0.013861,0
0.0470396,0.04693,0.176186,-0.500321,-0.270777,0.132923,-0.154011,-0.0540282,1
0.0470396,0.04693,0.176186,0.500321,0.270777,-0.132923,0.154011,0.0540282,0
0.0470396,0.04693,0.176186,-0.574558,-0.433723,0.144674,-0.0666944,0.00228713,1
0.0470396,0.04693,0.176186,0.574558,0.433723,-0.144674,0.0666944,-0.00228713,0
0.0470396,0.04693,0.176186,-0.601789,-0.397185,0.132994,-0.107411,-0.0245555,1
0.0470396,0.04693,0.176186,0.601789,0.397185,-0.132994,0.107411,0.0245555,0
0.0470396,0.04693,0.176186,0.075915,-0.922986,0.374159,-0.136769,-0.489235,1
0.0470396,0.04693,0.176186,-0.075915,0.922986,-0.374159,0.136769,0.489235,0
0.0470396,0.04693,0.176186,0.0791145,-0.922986,0.191341,-0.0460258,-0.401161,1
0.0470396,0.04693,0.176186,-0.0791145,0.922986,-0.191341,0.0460258,0.401161,0
0.0470396,0.04693,0.176186,0.0436354,-0.922986,0.095085,0.0131672,-0.329714,1
0.0470396,0.04693,0.176186,-0.0436354,0.922986,-0.095085,-0.0131672,0.329714,0
0.0470396,0.04693,0.176186,0.0678811,-0.922986,0.338497,-0.165184,-0.510077,1
0.0470396,0.04693,0.176186,-0.0678811,0.922986,-0.338497,0.165184,0.510077,0
0.0470396,0.04693,0.176186,0.0717125,-0.922986,0.213685,-0.131172,-0.483373,1
0.0470396,0.04693,0.176186,-0.0717125,0.922986,-0.213685,0.131172,0.483373,0
0.0470396,0.04693,0.176186,0.0860682,-0.922986,0.0713096,-0.148182,-0.505371,1
0.0470396,0.04693,0.176186,-0.0860682,0.922986,-0.0713096,0.148182,0.505371,0
0.0470396,0.04693,0.176186,-0.446082,-0.922986,-0.065941,-0.276999,-0.170492,1
0.0470396,0.04693,0.176186,0.446082,0.922986,0.065941,0.276999,0.170492,0
0.0470396,0.04693,0.176186,-0.415645,-0.922986,-0.0503166,-0.128741,-0.418559,1
0.0470396,0.04693,0.176186,0.415645,0.922986,0.0503166,0.128741,0.418559,0
0.0470396,0.04693,0.176186,-0.390907,-0.922986,0.114166,-0.385238,-0.465085,1
0.0470396,0.04693,0.176186,0.390907,0.922986,-0.114166,0.385238,0.465085,0
0.0470396,0.04693,0.176186,-0.389366,-0.922986,0.12635,-0.422791,-0.512753,1
0.0470396,0.04693,0.176186,0.389366,0.922986,-0.12635,0.422791,0.512753,0
0.0470396,0.04693,0.176186,-0.349823,-0.922986,0.0923465,-0.468011,-0.499829,1
0.0470396,0.04693,0.176186,0.349823,0.922986,-0.0923465,0.468011,0.499829,0
0.0470396,0.04693,0.176186,-0.396707,-0.922986,0.00522881,-0.432802,-0.426126,1
0.0470396,0.04693,0.176186,0.396707,0.922986,-0.00522881,0.432802,0.426126,0
0.0470396,0.04693,0.176186,-0.337767,-0.922986,-0.15776,-0.431347,-0.544668,1
0.0470396,0.04693,0.176186,0.337767,0.922986,0.15776,0.431347,0.544668,0
0.0462892,0.0494476,0.174622,0.00178275,-0.00208707,-0.0321791,0.0583375,-0.00203697,1
0.0462892,0.0494476,0.174622,-0.00178275,0.00208707,0.0321791,-0.0583375,0.00203697,0
0.0462892,0.0494476,0.174622,0.0119516,0.00377722,-0.0674084,0.018418,-0.0311073,1
0.0462892,0.0494476,0.174622,-0.0119516,-0.00377722,0.0674084,-0.018418,0.0311073,0
0.0462892,0.0494476,0.174622,-0.0376173,-0.0440645,-0.111082,0.0129391,-0.0306757,1
0.0462892,0.0494476,0.174622,0.0376173,0.0440645,0.111082,-0.0129391,0.0306757,0
0.0462892,0.0494476,0.174622,-0.0276843,0.00518084,-0.2175,0.0231465,-0.028898,1
0.0462892,0.0494476,0.174622,0.0276843,-0.00518084,0.2175,-0.0231465,0.028898,0
0.0462892,0.0494476,0.174622,-0.180839,-0.220121,0.168277,0.0225238,-0.0470245,1
0.0462892,0.0494476,0.174622,0.180839,0.220121,-0.168277,-0.0225238,0.0470245,0
0.0462892,0.0494476,0.174622,-0.238112,-0.324813,0.215333,0.0370308,-0.0111711,1
0.0462892,0.0494476,0.174622,0.238112,0.324813,-0.215333,-0.0370308,0.0111711,0
0.0462892,0.0494476,0.174622,-0.161432,-0.092553,-0.139307,0.0422269,0.00176873,1
0.0462892,0.0494476,0.174622,0.161432,0.092553,0.139307,-0.0422269,-0.00176873,0
0.0462892,0.0494476,0.174622,-0.134947,-0.0738559,-0.212758,0.06869,-0.0283167,1
0.0462892,0.0494476,0.174622,0.134947,0.0738559,0.212758,-0.06869,0.0283167,0
0.0462892,0.0494476,0.174622,-0.155112,-0.0118539,-0.210292,-0.0399081,0.0123697,1
0.0462892,0.0494476,0.174622,0.155112,0.0118539,0.210292,0.0399081,-0.0123697,0
0.0462892,0.0494476,0.174622,-0.0991305,-0.135881,-0.0877829,-0.0206992,-0.0629626,1
0.0462892,0.0494476,0.174622,0.0991305,0.135881,0.0877829,0.0206992,0.0629626,0
0.0462892,0.0494476,0.174622,-0.118731,-0.0483657,-0.212053,-0.0460607,-0.0451971,1
0.0462892,0.0494476,0.174622,0.118731,0.0483657,0.212053,0.0460607,0.0451971,0
0.0462892,0.0494476,0.174622,-0.0399147,-0.136914,-0.354769,0.0653272,-0.0115149,1
0.0462892,0.0494476,0.174622,0.0399147,0.136914,0.354769,-0.0653272,0.0115149,0
0.0462892,0.0494476,0.174622,-0.219897,-0.084002,-0.147315,-0.0190148,-0.0103381,1
0.0462892,0.0494476,0.174622,0.219897,0.084002,0.147315,0.0190148,0.0103381,0
0.0462892,0.0494476,0.174622,-0.172648,-0.37247,0.0541065,0.0177269,-0.0161459,1
0.0462892,0.0494476,0.174622,0.172648,0.37247,-0.0541065,-0.0177269,0.0161459,0
0.0462892,0.0494476,0.174622,-0.178265,-0.0279885,-0.334674,0.00509142,0.000833972,1
0.0462892,0.0494476,0.174622,0.178265,0.0279885,0.334674,-0.00509142,-0.000833972,0
0.0462892,0.0494476,0.174622,-0.169863,-0.0943043,-0.388095,-0.0100673,0.00943308,1
0.0462892,0.0494476,0.174622,0.169863,0.0943043,0.388095,0.0100673,-0.00943308,0
0.0462892,0.0494476,0.174622,-0.17496,-0.236121,-0.226812,-0.0057237,-0.0106035,1
0.0462892,0.0494476,0.174622,0.17496,0.236121,0.226812,0.0057237,0.0106035,0
0.0462892,0.0494476,0.174622,-0.268633,-0.444285,0.116759,-0.0663516,0.00816207,1
0.0462892,0.0494476,0.174622,0.268633,0.444285,-0.116759,0.0663516,-0.00816207,0
0.0462892,0.0494476,0.174622,-0.128187,-0.225901,-0.349031,-0.0160419,-0.00709399,1
0.0462892,0.0494476,0.174622,0.128187,0.225901,0.349031,0.0160419,0.00709399,0
0.0462892,0.0494476,0.174622,-0.302054,-0.386051,-0.0311402,0.0114541,-0.0264765,1
0.0462892,0.0494476,0.174622,0.302054,0.386051,0.0311402,-0.0114541,0.0264765,0
0.0462892,0.0494476,0.174622,-0.166542,-0.176004,-0.352568,-0.00593286,-0.0517489,1
0.0462892,0.0494476,0.174622,0.166542,0.176004,0.352568,0.00593286,0.0517489,0
0.0462892,0.0494476,0.174622,-0.373096,-0.417017,-0.120113,-0.112871,0.0117646,1
0.0462892,0.0494476,0.174622,0.373096,0.417017,0.120113,0.112871,-0.0117646,0
0.0462892,0.0494476,0.174622,-0.505579,-0.212639,-0.226337,-0.108746,0.00964207,1
0.0462892,0.0494476,0.174622,0.505579,0.212639,0.226337,0.108746,-0.00964207,0
0.0462892,0.0494476,0.174622,-0.406303,-0.419328,-0.141888,-0.113885,0.00621792,1
0.0462892,0.0494476,0.174622,0.406303,0.419328,0.141888,0.113885,-0.00621792,0
0.0462892,0.0494476,0.174622,-0.607389,-0.310404,-0.110036,-0.0954851,0.00249948,1
0.0462892,0.0494476,0.174622,0.607389,0.310404,0.110036,0.0954851,-0.00249948,0
0.0462892,0.0494476,0.174622,-0.285691,-0.469154,-0.361787,-0.0554632,-0.0169736,1
0.0462892,0.0494476,0.174622,0.285691,0.469154,0.361787,0.0554632,0.0169736,0
0.0462892,0.0494476,0.174622,-0.537466,-0.381728,-0.231041,-0.0383084,-0.00610894,1
0.0462892,0.0494476,0.174622,0.537466,0.381728,0.231041,0.0383084,0.00610894,0
0.0462892,0.0494476,0.174622,-0.533029,-0.30593,-0.28506,-0.105118,-0.00762738,1
0.0462892,0.0494476,0.174622,0.533029,0.30593,0.28506,0.105118,0.00762738,0
0.0462892,0.0494476,0.174622,-0.508907,-0.280424,-0.385457,-0.0633927,-0.00156448,1
0.0462892,0.0494476,0.174622,0.508907,0.280424,0.385457,0.0633927,0.00156448,0
0.0462892,0.0494476,0.174622,-0.331572,-0.935941,0.164201,-0.0604383,-0.111572,1
0.0462892,0.0494476,0.174622,0.331572,0.935941,-0.164201,0.0604383,0.111572,0
0.0462892,0.0494476,0.174622,-0.288845,-0.563662,-0.356742,-0.0764223,-0.00358636,1
0.0462892,0.0494476,0.174622,0.288845,0.563662,0.356742,0.0764223,0.00358636,0
0.0462892,0.0494476,0.174622,-0.494503,-0.294858,-0.46083,-0.0722217,-0.00328826,1
0.0462892,0.0494476,0.174622,0.494503,0.294858,0.46083,0.0722217,0.00328826,0
0.0462892,0.0494476,0.174622,-0.328736,-0.559963,-0.358514,-0.0873697,-0.00750861,1
0.0462892,0.0494476,0.174622,0.328736,0.559963,0.358514,0.0873697,0.00750861,0
0.0462892,0.0494476,0.174622,-0.595662,-0.458511,-0.199517,-0.083998,-0.0068396,1
0.0462892,0.0494476,0.174622,0.595662,0.458511,0.199517,0.083998,0.0068396,0
0.0462892,0.0494476,0.174622,-0.438252,-0.452769,-0.45665,-0.0819068,-0.0634093,1
0.0462892,0.0494476,0.174622,0.438252,0.452769,0.45665,0.0819068,0.0634093,0
0.0462892,0.0494476,0.174622,0.0404861,-0.935941,-0.320283,0.00164675,-0.319938,1
0.0462892,0.0494476,0.174622,-0.0404861,0.935941,0.320283,-0.00164675,0.319938,0
0.0462892,0.0494476,0.174622,-0.417977,-0.935941,-0.160465,0.0117352,-0.0785998,1
0.0462892,0.0494476,0.174622,0.417977,0.935941,0.160465,-0.0117352,0.0785998,0
0.0462892,0.0494476,0.174622,0.0380042,-0.935941,-0.265353,-0.106282,-0.436044,1
0.0462892,0.0494476,0.174622,-0.0380042,0.935941,0.265353,0.106282,0.436044,0
0.0462892,0.0494476,0.174622,-0.429557,-0.935941,-0.3654,-0.0679207,-0.17581,1
0.0462892,0.0494476,0.174622,0.429557,0.935941,0.3654,0.0679207,0.17581,0
0.0462892,0.0494476,0.174622,-0.474127,-0.935941,-0.0392178,-0.412277,-0.44172,1
0.0462892,0.0494476,0.174622,0.474127,0.935941,0.0392178,0.412277,0.44172,0
0.0462892,0.0494476,0.174622,-0.425503,-0.935941,-0.106059,-0.397153,-0.511875,1
0.0462892,0.0494476,0.174622,0.425503,0.935941,0.106059,0.397153,0.511875,0
0.0462892,0.0494476,0.174622,-0.406581,-0.935941,-0.161992,-0.386545,-0.48929,1
0.0462892,0.0494476,0.174622,0.406581,0.935941,0.161992,0.386545,0.48929,0
0.0462892,0.0494476,0.174622,-0.449377,-0.935941,-0.330472,-0.392653,-0.437339,1
0.0462892,0.0494476,0.174622,0.449377,0.935941,0.330472,0.392653,0.437339,0
0.0462892,0.0494476,0.174622,-0.391189,-0.935941,-0.449193,-0.410587,-0.471853,1
0.0462892,0.0494476,0.174622,0.391189,0.935941,0.449193,0.410587,0.471853,0
0.0462892,0.0494476,0.174622,-0.472489,-0.935941,-0.371452,-0.447999,-0.454749,1
0.0462892,0.0494476,0.174622,0.472489,0.935941,0.371452,0.447999,0.454749,0
0.0464915,0.0467189,0.175603,-0.219269,-0.207818,0.621462,-0.0216402,-0.0298379,1
0.0464915,0.0467189,0.175603,0.219269,0.207818,-0.621462,0.0216402,0.0298379,0
0.0464915,0.0467189,0.175603,-0.197927,-0.159816,0.500596,-0.00444721,-0.0137739,1
0.0464915,0.0467189,0.175603,0.197927,0.159816,-0.500596,0.00444721,0.0137739,0
0.0464915,0.0467189,0.175603,-0.248941,-0.287674,0.612905,-0.101791,0.0255212,1
0.0464915,0.0467189,0.175603,0.248941,0.287674,-0.612905,0.101791,-0.0255212,0
0.0464915,0.0467189,0.175603,-0.222189,-0.242799,0.48488,-0.0981071,0.0207418,1
0.0464915,0.0467189,0.175603,0.222189,0.242799,-0.48488,0.0981071,-0.0207418,0
0.0464915,0.0467189,0.175603,-0.220579,-0.210164,0.371982,-0.0214999,-0.0246978,1
0.0464915,0.0467189,0.175603,0.220579,0.210164,-0.371982,0.0214999,0.0246978,0
0.0464915,0.0467189,0.175603,-0.192428,-0.147208,0.18605,-0.0379779,0.0244955,1
0.0464915,0.0467189,0.175603,0.192428,0.147208,-0.18605,0.0379779,-0.0244955,0
0.0464915,0.0467189,0.175603,-0.205689,-0.143335,0.218364,-0.0788896,0.0421645,1
0.0464915,0.0467189,0.175603,0.205689,0.143335,-0.218364,0.0788896,-0.0421645,0
0.0464915,0.0467189,0.175603,-0.20843,-0.0815599,0.000995821,0.0420404,0.0495145,1
0.0464915,0.0467189,0.175603,0.20843,0.0815599,-0.000995821,-0.0420404,-0.0495145,0
0.0464915,0.0467189,0.175603,-0.29166,-0.0611118,0.145669,-0.0337717,0.0290855,1
0.0464915,0.0467189,0.175603,0.29166,0.0611118,-0.145669,0.0337717,-0.0290855,0
0.0464915,0.0467189,0.175603,-0.214459,-0.119017,0.135657,-0.0723717,0.0306883,1
0.0464915,0.0467189,0.175603,0.214459,0.119017,-0.135657,0.0723717,-0.0306883,0
0.0464915,0.0467189,0.175603,-0.208958,-0.188485,0.18013,-0.051119,-0.030056,1
0.0464915,0.0467189,0.175603,0.208958,0.188485,-0.18013,0.051119,0.030056,0
0.0464915,0.0467189,0.175603,-0.189478,-0.112421,-0.0923912,0.0750446,0.00379196,1
0.0464915,0.0467189,0.175603,0.189478,0.112421,0.0923912,-0.0750446,-0.00379196,0
0.0464915,0.0467189,0.175603,-0.238208,-0.158795,0.114992,-0.0680695,0.0162651,1
0.0464915,0.0467189,0.175603,0.238208,0.158795,-0.114992,0.0680695,-0.0162651,0
0.0464915,0.0467189,0.175603,-0.280118,-0.109937,0.0803442,-0.117077,0.0476262,1
0.0464915,0.0467189,0.175603,0.280118,0.109937,-0.0803442,0.117077,-0.0476262,0
0.0464915,0.0467189,0.175603,-0.223679,-0.207902,0.0736963,-0.0554771,-0.0210927,1
0.0464915,0.0467189,0.175603,0.223679,0.207902,-0.0736963,0.0554771,0.0210927,0
0.0464915,0.0467189,0.175603,-0.521072,-0.207899,0.11708,0.157183,-0.026453,1
0.0464915,0.0467189,0.175603,0.521072,0.207899,-0.11708,-0.157183,0.026453,0
0.0464915,0.0467189,0.175603,-0.239684,-0.257568,-0.0965973,0.040486,0.0468211,1
0.0464915,0.0467189,0.175603,0.239684,0.257568,0.0965973,-0.040486,-0.0468211,0
0.0464915,0.0467189,0.175603,-0.245508,-0.0806513,-0.176168,-0.112931,0.0477598,1
0.0464915,0.0467189,0.175603,0.245508,0.0806513,0.176168,0.112931,-0.0477598,0
0.0464915,0.0467189,0.175603,-0.274709,-0.118475,-0.167986,-0.0459345,0.037603,1
0.0464915,0.0467189,0.175603,0.274709,0.118475,0.167986,0.0459345,-0.037603,0
0.0464915,0.0467189,0.175603,-0.206792,-0.336958,-0.163046,0.0747387,0.0284291,1
0.0464915,0.0467189,0.175603,0.206792,0.336958,0.163046,-0.0747387,-0.0284291,0
0.0464915,0.0467189,0.175603,-0.307601,-0.437714,-0.0255763,-0.0791599,-0.000771501,1
0.0464915,0.0467189,0.175603,0.307601,0.437714,0.0255763,0.0791599,0.000771501,0
0.0464915,0.0467189,0.175603,-0.626372,-0.379618,0.0288141,-0.139881,0.0278623,1
0.0464915,0.0467189,0.175603,0.626372,0.379618,-0.0288141,0.139881,-0.0278623,0
0.0464915,0.0467189,0.175603,-0.494067,-0.402107,-0.10519,-0.139255,-0.0144053,1
0.0464915,0.0467189,0.175603,0.494067,0.402107,0.10519,0.139255,0.0144053,0
0.0464915,0.0467189,0.175603,-0.017951,-0.936133,0.0219429,-0.0212572,-0.271252,1
0.0464915,0.0467189,0.175603,0.017951,0.936133,-0.0219429,0.0212572,0.271252,0
0.0464915,0.0467189,0.175603,-0.0408591,-0.936133,0.358713,-0.177666,-0.441727,1
0.0464915,0.0467189,0.175603,0.0408591,0.936133,-0.358713,0.177666,0.441727,0
0.0464915,0.0467189,0.175603,-0.245536,-0.936133,0.0638924,-0.0688117,-0.0789973,1
0.0464915,0.0467189,0.175603,0.245536,0.936133,-0.0638924,0.0688117,0.0789973,0
0.0464915,0.0467189,0.175603,-0.00794876,-0.936133,0.0685292,-0.084839,-0.321941,1
0.0464915,0.0467189,0.175603,0.00794876,0.936133,-0.0685292,0.084839,0.321941,0
0.0464915,0.0467189,0.175603,-0.00795136,-0.936133,0.115612,-0.109686,-0.364466,1
0.0464915,0.0467189,0.175603,0.00795136,0.936133,-0.115612,0.109686,0.364466,0
0.0464915,0.0467189,0.175603,-0.0478874,-0.936133,0.229578,-0.170747,-0.433525,1
0.0464915,0.0467189,0.175603,0.0478874,0.936133,-0.229578,0.170747,0.433525,0
0.0464915,0.0467189,0.175603,-0.0249067,-0.936133,0.0418279,-0.106607,-0.367647,1
0.0464915,0.0467189,0.175603,0.0249067,0.936133,-0.0418279,0.106607,0.367647,0
0.0464915,0.0467189,0.175603,-0.0406077,-0.936133,-0.0272704,-0.0981903,-0.3296,1
0.0464915,0.0467189,0.175603,0.0406077,0.936133,0.0272704,0.0981903,0.3296,0
0.0464915,0.0467189,0.175603,-0.0353918,-0.936133,0.0524121,-0.130864,-0.392158,1
0.0464915,0.0467189,0.175603,0.0353918,0.936133,-0.0524121,0.130864,0.392158,0
0.0464915,0.0467189,0.175603,-0.60343,-0.89628,0.200866,-0.160306,0.00543402,1
0.0464915,0.0467189,0.175603,0.60343,0.89628,-0.200866,0.160306,-0.00543402,0
0.0464915,0.0467189,0.175603,-0.674635,-0.67324,-0.0394953,-0.134444,0.0393613,1
0.0464915,0.0467189,0.175603,0.674635,0.67324,0.0394953,0.134444,-0.0393613,0
0.0464915,0.0467189,0.175603,-0.471489,-0.936133,-0.125952,-0.151051,-0.349591,1
0.0464915,0.0467189,0.175603,0.471489,0.936133,0.125952,0.151051,0.349591,0
0.0464915,0.0467189,0.175603,-0.46417,-0.936133,0.0123366,-0.454853,-0.43137,1
0.0464915,0.0467189,0.175603,0.46417,0.936133,-0.0123366,0.454853,0.43137,0
0.0464915,0.0467189,0.175603,-0.458103,-0.936133,0.0238547,-0.438792,-0.523791,1
0.0464915,0.0467189,0.175603,0.458103,0.936133,-0.0238547,0.438792,0.523791,0
0.0464915,0.0467189,0.175603,-0.462145,-0.936133,-0.14522,-0.499527,-0.452247,1
0.0464915,0.0467189,0.175603,0.462145,0.936133,0.14522,0.499527,0.452247,0
0.1064,0.0492058,0.0608745,0.912918,-0.302562,-0.0669279,-0.228372,-0.00413827,1
0.1064,0.0492058,0.0608745,-0.912918,0.302562,0.0669279,0.228372,0.00413827,0
0.1064,0.0492058,0.0608745,0.870307,-0.37851,-0.0386407,-0.225702,-0.00381197,1
0.1064,0.0492058,0.0608745,-0.870307,0.37851,0.0386407,0.225702,0.00381197,0
0.1064,0.0492058,0.0608745,0.824373,-0.287373,-0.184242,-0.255635,-0.0253483,1
0.1064,0.0492058,0.0608745,-0.824373,0.287373,0.184242,0.255635,0.0253483,0
0.1064,0.0492058,0.0608745,0.720154,-0.162791,-0.239407,-0.226545,-0.0212519,1
0.1064,0.0492058,0.0608745,-0.720154,0.162791,0.239407,0.226545,0.0212519,0
0.1064,0.0492058,0.0608745,0.776365,-0.377334,-0.147291,-0.229802,0.00815915,1
0.1064,0.0492058,0.0608745,-0.776365,0.377334,0.147291,0.229802,-0.00815915,0
0.1064,0.0492058,0.0608745,0.789533,-0.48128,-0.0538553,-0.230221,-0.00726367,1
0.1064,0.0492058,0.0608745,-0.789533,0.48128,0.0538553,0.230221,0.00726367,0
0.1064,0.0492058,0.0608745,0.00346071,-0.0263168,-0.0791609,0.0420284,-0.0163828,1
0.1064,0.0492058,0.0608745,-0.00346071,0.0263168,0.0791609,-0.0420284,0.0163828,0
0.1064,0.0492058,0.0608745,-0.00228617,0.000831606,-0.0913161,0.0647834,-0.0893943,1
0.1064,0.0492058,0.0608745,0.00228617,-0.000831606,0.0913161,-0.0647834,0.0893943,0
0.1064,0.0492058,0.0608745,0.0895555,-0.146901,-0.0756551,0.0178196,-0.0115317,1
0.1064,0.0492058,0.0608745,-0.0895555,0.146901,0.0756551,-0.0178196,0.0115317,0
0.1064,0.0492058,0.0608745,0.0454821,-0.182106,0.00520702,-0.0188235,-0.00294125,1
0.1064,0.0492058,0.0608745,-0.0454821,0.182106,-0.00520702,0.0188235,0.00294125,0
0.1064,0.0492058,0.0608745,0.636529,-0.181724,-0.392206,-0.216439,-0.00700273,1
0.1064,0.0492058,0.0608745,-0.636529,0.181724,0.392206,0.216439,0.00700273,0
0.1064,0.0492058,0.0608745,0.440384,-0.0842663,-0.379941,-0.170533,0.0163785,1
0.1064,0.0492058,0.0608745,-0.440384,0.0842663,0.379941,0.170533,-0.0163785,0
0.1064,0.0492058,0.0608745,0.11537,-0.138888,-0.187982,-0.0256921,0.0176509,1
0.1064,0.0492058,0.0608745,-0.11537,0.138888,0.187982,0.0256921,-0.0176509,0
0.1064,0.0492058,0.0608745,0.674601,-0.490473,-0.18911,-0.232431,-0.010483,1
0.1064,0.0492058,0.0608745,-0.674601,0.490473,0.18911,0.232431,0.010483,0
0.1064,0.0492058,0.0608745,0.624281,-0.392931,-0.275628,-0.236868,-0.00203241,1
0.1064,0.0492058,0.0608745,-0.624281,0.392931,0.275628,0.236868,0.00203241,0
0.1064,0.0492058,0.0608745,0.479724,-0.0371164,-0.564909,-0.195242,-0.00416583,1
0.1064,0.0492058,0.0608745,-0.479724,0.0371164,0.564909,0.195242,0.00416583,0
0.1064,0.0492058,0.0608745,0.0171593,-0.153089,-0.254871,0.0607724,-0.024376,1
0.1064,0.0492058,0.0608745,-0.0171593,0.153089,0.254871,-0.0607724,0.024376,0
0.1064,0.0492058,0.0608745,0.479202,-0.084196,-0.557122,-0.20596,0.00414023,1
0.1064,0.0492058,0.0608745,-0.479202,0.084196,0.557122,0.20596,-0.00414023,0
0.1064,0.0492058,0.0608745,0.0303737,-0.171877,-0.262514,0.0289346,-0.00345495,1
0.1064,0.0492058,0.0608745,-0.0303737,0.171877,0.262514,-0.0289346,0.00345495,0
0.1064,0.0492058,0.0608745,-0.0121988,-0.148161,-0.17341,-0.0103015,-0.110139,1
0.1064,0.0492058,0.0608745,0.0121988,0.148161,0.17341,0.0103015,0.110139,0
0.1064,0.0492058,0.0608745,0.0603,-0.218752,-0.219746,-0.0875816,0.0102696,1
0.1064,0.0492058,0.0608745,-0.0603,0.218752,0.219746,0.0875816,-0.0102696,0
0.1064,0.0492058,0.0608745,-0.0224297,-0.112327,-0.283649,0.0611462,-0.111404,1
0.1064,0.0492058,0.0608745,0.0224297,0.112327,0.283649,-0.0611462,0.111404,0
0.1064,0.0492058,0.0608745,0.112851,-0.250419,-0.337657,-0.00548174,0.0118489,1
0.1064,0.0492058,0.0608745,-0.112851,0.250419,0.337657,0.00548174,-0.0118489,0
0.1064,0.0492058,0.0608745,0.0241506,-0.106112,-0.386442,-0.0369707,-0.00504798,1
0.1064,0.0492058,0.0608745,-0.0241506,0.106112,0.386442,0.0369707,0.00504798,0
0.1064,0.0492058,0.0608745,-0.00195885,-0.332952,-0.14164,-0.0164523,-0.0195164,1
0.1064,0.0492058,0.0608745,0.00195885,0.332952,0.14164,0.0164523,0.0195164,0
0.1064,0.0492058,0.0608745,-0.0113291,-0.168749,-0.313194,-0.00249844,-0.0317558,1
0.1064,0.0492058,0.0608745,0.0113291,0.168749,0.313194,0.00249844,0.0317558,0
0.1064,0.0492058,0.0608745,-0.00856948,-0.44111,-0.0239442,0.0351076,-0.10535,1
0.1064,0.0492058,0.0608745,0.00856948,0.44111,0.0239442,-0.0351076,0.10535,0
0.1064,0.0492058,0.0608745,0.412823,-0.148032,-0.568211,-0.226039,-0.0164236,1
0.1064,0.0492058,0.0608745,-0.412823,0.148032,0.568211,0.226039,0.0164236,0
0.1064,0.0492058,0.0608745,0.494492,-0.213666,-0.602345,-0.211114,-0.0260379,1
0.1064,0.0492058,0.0608745,-0.494492,0.213666,0.602345,0.211114,0.0260379,0
0.1064,0.0492058,0.0608745,-0.0248732,-0.18784,-0.349801,0.0771164,-0.0741072,1
0.1064,0.0492058,0.0608745,0.0248732,0.18784,0.349801,-0.0771164,0.0741072,0
0.1064,0.0492058,0.0608745,-0.01993,-0.17765,-0.347973,0.0629584,-0.0804046,1
0.1064,0.0492058,0.0608745,0.01993,0.17765,0.347973,-0.0629584,0.0804046,0
0.1064,0.0492058,0.0608745,0.0478661,-0.218013,-0.379044,-0.0339895,0.0146454,1
0.1064,0.0492058,0.0608745,-0.0478661,0.218013,0.379044,0.0339895,-0.0146454,0
0.1064,0.0492058,0.0608745,0.0350703,-0.165248,-0.408764,0.0168066,-0.0864084,1
0.1064,0.0492058,0.0608745,-0.0350703,0.165248,0.408764,-0.0168066,0.0864084,0
0.1064,0.0492058,0.0608745,-0.0281494,-0.498644,0.0236731,-0.0810796,-0.037027,1
0.1064,0.0492058,0.0608745,0.0281494,0.498644,-0.0236731,0.0810796,0.037027,0
0.1064,0.0492058,0.0608745,0.0784421,-0.297954,-0.438912,0.0622936,-0.0865415,1
0.1064,0.0492058,0.0608745,-0.0784421,0.297954,0.438912,-0.0622936,0.0865415,0
0.1064,0.0492058,0.0608745,0.0289339,-0.680281,-0.00636505,-0.00465813,-0.0562895,1
0.1064,0.0492058,0.0608745,-0.0289339,0.680281,0.00636505,0.00465813,0.0562895,0
0.1064,0.0492058,0.0608745,0.00226503,-0.402057,-0.356189,0.0114468,-0.00876668,1
0.1064,0.0492058,0.0608745,-0.00226503,0.402057,0.356189,-0.0114468,0.00876668,0
0.1064,0.0492058,0.0608745,0.0787169,-0.676476,-0.065172,-0.0440793,-0.0511962,1
0.1064,0.0492058,0.0608745,-0.0787169,0.676476,0.065172,0.0440793,0.0511962,0
0.1064,0.0492058,0.0608745,0.0815356,-0.139619,-0.571458,-0.070716,-0.0709066,1
0.1064,0.0492058,0.0608745,-0.0815356,0.139619,0.571458,0.070716,0.0709066,0
0.1064,0.0492058,0.0608745,0.346104,-0.266613,-0.708362,-0.156228,0.0101916,1
0.1064,0.0492058,0.0608745,-0.346104,0.266613,0.708362,0.156228,-0.0101916,0
0.1064,0.0492058,0.0608745,0.464806,-0.607406,-0.34699,-0.15539,-0.131828,1
0.1064,0.0492058,0.0608745,-0.464806,0.607406,0.34699,0.15539,0.131828,0
0.1064,0.0492058,0.0608745,0.480431,-0.728632,-0.400642,-0.248416,-0.0232963,1
0.1064,0.0492058,0.0608745,-0.480431,0.728632,0.400642,0.248416,0.0232963,0
0.103239,0.0538363,0.0628264,0.93342,-0.312891,-0.0625093,-0.279945,0.0489912,1
0.103239,0.0538363,0.0628264,-0.93342,0.312891,0.0625093,0.279945,-0.0489912,0
0.103239,0.0538363,0.0628264,0.809785,-0.0880908,-0.155043,-0.279303,0.037545,1
0.103239,0.0538363,0.0628264,-0.809785,0.0880908,0.155043,0.279303,-0.037545,0
0.103239,0.0538363,0.0628264,0.852843,-0.199473,-0.183481,-0.288515,0.0360129,1
0.103239,0.0538363,0.0628264,-0.852843,0.199473,0.183481,0.288515,-0.0360129,0
0.103239,0.0538363,0.0628264,0.867183,-0.401234,-0.0583004,-0.283108,0.0487038,1
0.103239,0.0538363,0.0628264,-0.867183,0.401234,0.0583004,0.283108,-0.0487038,0
0.103239,0.0538363,0.0628264,0.757896,-0.0818429,-0.261685,-0.29606,0.0282359,1
0.103239,0.0538363,0.0628264,-0.757896,0.0818429,0.261685,0.29606,-0.0282359,0
0.103239,0.0538363,0.0628264,0.797889,-0.418739,-0.0815644,-0.268955,0.0495606,1
0.103239,0.0538363,0.0628264,-0.797889,0.418739,0.0815644,0.268955,-0.0495606,0
0.108819,0.0522877,0.0640453,0.7324,-0.138013,-0.205052,-0.237193,0.0197671,1
0.108819,0.0522877,0.0640453,-0.7324,0.138013,0.205052,0.237193,-0.0197671,0
0.108819,0.0522877,0.0640453,0.75807,-0.205846,-0.142782,-0.248705,0.00280776,1
0.108819,0.0522877,0.0640453,-0.75807,0.205846,0.142782,0.248705,-0.00280776,0
0.108819,0.0522877,0.0640453,0.706968,-0.0362516,-0.276429,-0.264897,0.014205,1
0.108819,0.0522877,0.0640453,-0.706968,0.0362516,0.276429,0.264897,-0.014205,0
0.108819,0.0522877,0.0640453,-0.0197437,0.0172549,0.142012,0.0119276,-0.0972618,1
0.108819,0.0522877,0.0640453,0.0197437,-0.0172549,-0.142012,-0.0119276,0.0972618,0
0.108819,0.0522877,0.0640453,0.0110892,0.0523724,-0.0416353,-0.00856232,0.00225916,1
0.108819,0.0522877,0.0640453,-0.0110892,-0.0523724,0.0416353,0.00856232,-0.00225916,0
0.101226,0.021963,0.0581265,0.0746913,0.162527,0.104473,-0.140465,0.0917642,1
0.101226,0.021963,0.0581265,-0.0746913,-0.162527,-0.104473,0.140465,-0.0917642,0
0.101226,0.021963,0.0581265,0.132315,0.0778522,0.000225113,-0.241283,0.106183,1
0.101226,0.021963,0.0581265,-0.132315,-0.0778522,-0.000225113,0.241283,-0.106183,0
0.101226,0.021963,0.0581265,0.0632131,0.0997292,-0.0312064,-0.185872,0.0822643,1
0.101226,0.021963,0.0581265,-0.0632131,-0.0997292,0.0312064,0.185872,-0.0822643,0
0.101226,0.021963,0.0581265,0.0998473,0.141335,-0.0989214,-0.242833,0.10045,1
0.101226,0.021963,0.0581265,-0.0998473,-0.141335,0.0989214,0.242833,-0.10045,0
0.101226,0.021963,0.0581265,0.00874292,0.0780842,-0.138759,-0.121683,0.0812896,1
0.101226,0.021963,0.0581265,-0.00874292,-0.0780842,0.138759,0.121683,-0.0812896,0
0.101226,0.021963,0.0581265,0.0657231,-0.00788959,-0.118568,-0.107843,0.0733088,1
0.101226,0.021963,0.0581265,-0.0657231,0.00788959,0.118568,0.107843,-0.0733088,0
0.101226,0.021963,0.0581265,0.0614168,0.0418879,-0.198644,-0.131497,0.063952,1
0.101226,0.021963,0.0581265,-0.0614168,-0.0418879,0.198644,0.131497,-0.063952,0
0.101226,0.021963,0.0581265,-0.0123752,0.00835763,-0.13794,-0.0325059,-0.0120731,1
0.101226,0.021963,0.0581265,0.0123752,-0.00835763,0.13794,0.0325059,0.0120731,0
